Topic,Problem,Difficulty,Link
"Arrays","","Medium",""
"Arrays","","Easy",""
"Arrays","","Medium",""
"Arrays","","Medium",""
"Arrays Part-II","","Medium",""
"Arrays Part-II","","Medium",""
"Arrays Part-II","","Medium",""
"Arrays Part-II","","Medium",""
"Arrays Part-II","","Medium",""
"Arrays Part-II","","Hard",""
"Arrays Part-II","","Hard",""
"Arrays Part-II","","Hard",""
"Arrays Part-II","","Easy",""
"Arrays Part-IV","","Hard",""
"Arrays Part-IV","","Medium",""
"Arrays Part-IV","","Hard",""
"Arrays Part-IV","","Easy",""
"Arrays Part-IV","","Medium",""
"Arrays Part-IV","","Medium",""
"Arrays Part-IV","","Medium",""
"Arrays Part-IV","","Hard",""
"Linked List","","Medium",""
"Linked List","","Easy",""
"Linked List","","Hard",""
"Linked List","","Medium",""
"Linked List","","Medium",""
"Linked List","","Medium",""
"Linked List","","Medium",""
"Linked List","","Medium",""
"Linked List and Arrays","","Medium",""
"Linked List and Arrays","","Medium",""
"Linked List and Arrays","","Hard",""
"Linked List and Arrays","","Hard",""
"Linked List and Arrays","","Hard",""
"Linked List and Arrays","","Medium",""
"Linked List and Arrays","","Hard",""
"Linked List and Arrays","","Easy",""
"Greedy Algorithm","","Medium",""
"Greedy Algorithm","","Medium",""
"Greedy Algorithm","","Medium",""
"Greedy Algorithm","","Medium",""
"Greedy Algorithm","","Hard",""
"Greedy Algorithm","","Easy",""
"Greedy Algorithm","","Hard",""
"Greedy Algorithm","","Medium",""
"Recursion and Backtracking","","Medium",""
"Recursion and Backtracking","","Hard",""
"Recursion and Backtracking","","Medium",""
"Recursion and Backtracking","","Medium",""
"Recursion and Backtracking","","Hard",""
"Recursion and Backtracking","","Hard",""
"Recursion and Backtracking","","Hard",""
"Recursion and Backtracking","","Hard",""
"Recursion and Backtracking","","Medium",""
"Heaps","","Hard",""
"Heaps","","Medium",""
"Heaps","","Medium",""
"Heaps","","Hard",""
"Heaps","","Medium",""
"Heaps","","Hard",""
"Heaps","","Hard",""
"Heaps","","Medium",""
"Heaps","","Medium",""
"Stack and Queue","","Hard",""
"Stack and Queue","","Medium",""
"Stack and Queue","","Medium",""
"Stack and Queue","","Easy",""
"Stack and Queue","","Easy",""
"Stack and Queue","","Easy",""
"Stack and Queue","","Easy",""
"Stack and Queue","","Easy",""
"Stack and Queue","","Medium",""
"Stack and Queue Part-II","","Medium",""
"Stack and Queue Part-II","","Medium",""
"Stack and Queue Part-II","","Hard",""
"Stack and Queue Part-II","","Hard",""
"Stack and Queue Part-II","","Hard",""
"Stack and Queue Part-II","","Hard",""
"Stack and Queue Part-II","","Medium",""
"Stack and Queue Part-II","","Hard",""
"Stack and Queue Part-II","","Medium",""
"String","","Medium",""
"String","","Medium",""
"String","","Medium",""
"String","","Medium",""
"String","","Easy",""
"String","","Hard",""
"String","","Hard",""
"String","","Hard",""
"String","","Hard",""
"Binary Tree","","Hard",""
"Binary Tree","","Medium",""
"Binary Tree","","Easy",""
"Binary Tree","","Easy",""
"Binary Tree","","Easy",""
"Binary Tree","","Hard",""
"Binary Tree","","Hard",""
"Binary Tree","","Medium",""
"Binary Tree","","Medium",""
"Binary Tree","","Medium",""
"Binary Tree part-II","","Medium",""
"Binary Tree part-II","","Medium",""
"Binary Tree part-II","","Medium",""
"Binary Tree part-II","","Easy",""
"Binary Tree part-II","","Medium",""
"Binary Tree part-II","","Easy",""
"Binary Tree part-II","","Medium",""
"Binary Tree part-II","","Hard",""
"Binary Tree part-III","","Medium",""
"Binary Tree part-III","","Medium",""
"Binary Tree part-III","","Medium",""
"Binary Tree part-III","","Hard",""
"Binary Tree part-III","","Hard",""
"Binary Tree part-III","","Medium",""
"Binary Tree part-III","","Medium",""
"Binary Tree part-III","","Medium",""
"Binary Search Tree","","Medium",""
"Binary Search Tree","","Easy",""
"Binary Search Tree","","Easy",""
"Binary Search Tree","","Medium",""
"Binary Search Tree","","Medium",""
"Binary Search Tree","","Medium",""
"Binary Search Tree","","Medium",""
"Binary Search Tree","","Easy",""
"Binary Search Tree","","Easy",""
"Binary Trees[Miscellaneous]","","Medium",""
"Binary Trees[Miscellaneous]","","Hard",""
"Binary Trees[Miscellaneous]","","Hard",""
"Binary Trees[Miscellaneous]","","Hard",""
"Binary Trees[Miscellaneous]","","Hard",""
"Binary Trees[Miscellaneous]","","Medium",""
"Binary Trees[Miscellaneous]","","Medium",""
"Binary Trees[Miscellaneous]","","Hard",""
"Graph","","Medium",""
"Graph","","Medium",""
"Graph","","Medium",""
"Graph","","Medium",""
"Graph","","Medium",""
"Graph","","Hard",""
"Graph","","Hard",""
"Graph","","Hard",""
"Graph","","Hard",""
"Graph Part-II","","Hard",""
"Graph Part-II","","Medium",""
"Graph Part-II","","Hard",""
"Graph Part-II","","Hard",""
"Graph Part-II","","Hard",""
"Graph Part-II","","Hard",""
"Graph Part-II","","Hard",""
"Graph Part-II","","Hard",""
"Dynamic Programming","","Hard",""
"Dynamic Programming","","Hard",""
"Dynamic Programming","","Medium",""
"Dynamic Programming","","Hard",""
"Dynamic Programming","","Hard",""
"Dynamic Programming","","Hard",""
"Dynamic Programming","","Medium",""
"Dynamic Programming","","Hard",""
"Dynamic Programming","","Medium",""
"Trie","","Hard",""
"Trie","","Hard",""
"Trie","","Medium",""
"Trie","","Medium",""
"Trie","","Hard",""
"Trie","","Medium",""
"Trie","","Hard",""
"Trie","","Hard",""
"Trie","","Medium",""
"Trie","","Medium",""
"Trie","","Hard",""
"Trie","","Hard",""